<?xml version="1.0" encoding="UTF-8"?>
<project-private xmlns="http://www.netbeans.org/ns/project-private/1">
    <editor-bookmarks xmlns="http://www.netbeans.org/ns/editor-bookmarks/2" lastBookmarkId="0"/>
    <open-files xmlns="http://www.netbeans.org/ns/projectui-open-files/2">
        <group>
            <file>file:/home/r0457277/Downloads/assignment2/CarRental-lib/src/session/CarRentalSessionRemote.java</file>
            <file>file:/home/r0457277/Downloads/assignment2/CarRental-lib/src/rental/CarType.java</file>
            <file>file:/home/r0457277/Downloads/assignment2/CarRental-lib/src/session/ManagerSessionRemote.java</file>
            <file>file:/home/r0457277/Downloads/assignment2/CarRental-lib/src/rental/Car.java</file>
        </group>
    </open-files>
</project-private>
